Name,Date,Price,ageMin,ageMax,Categories,Venue,Description,Status
Radio Broadcasting ,06/01/2019,195,14,18,Art,Benson High School,"Spend a week on KBPS?s radio station as you learn how to produce sound bites, pick music, conduct interviews and make announcements. Learn the fundamentals of announcing, writing and production in a real radio station. Practice using radio broadcasting and digital audio equipment. Walk away with a final demo tape and the skill set to make more.",Confirmed - Final
Art Camp: Draw & Sketch,06/01/2019,325,7,8,Art,Central Catholic High School,"Use pencil and ink, charcoal and markers and create portraits of animals, people and other subjects. Techniques for shading, contouring and perspective will be introduced with step-by-step instructions. Create a final piece of art to share with family and friends!",Confirmed - Final
Comic Book Camp ,06/01/2019,345,12,14,Art,Central Catholic High School,"Use your ideas about heroes and making the world a better place as inspiration for your own comic! Utilize both writing and drawing skills to tell unique, interesting, and personal stories in your very own graphic novel. Comic storytelling combines both writing and drawing to tell tales that span every conceivable genre. Employ the techniques of professional cartoonists to tell own your story, from narrative development to layout, penciling, inking, coloring, and lettering a final product. You will improve your ability to tell a clear story by designing pages that engage readers and communicate effectively. Incorporate math into your project through 2D and 3D perspectives.",Confirmed - Final
Creating a Comic Book & Graphic Novel ,06/01/2019,179,9,10,Art,Portland State University,"Create your own comic book or graphic novel. Learn the basic techniques of graphic storytelling from storyboarding to penciling to inking. Develop your drawing skills with a focus on composition, expression, and lettering and explore various inking techniques using pens and brushes.",Confirmed - Final
Street Photography ,06/01/2019,185,14,18,Art,Portland State University,Anyone can take a camera to the streets and click the shutter. But creating an engaging street photo that tells a story is an art form! Explore what makes a street photo interesting and how to set yourself up to capture candid decisive moments.,Confirmed - Final
Photography Camp : Empower Your Imagination ,06/01/2019,375,12,14,Art,Portland State University,"Photography is a powerful way to discover and reflect the world around us. Learn the entire creative process from how to operate your camera, compose captivating photos, edit photos in the digital darkroom, and prepare your images for online sharing!",Confirmed - Final
Digital Photo Arts: Advanced Editing Camp ,06/01/2019,345,14,18,Art,Portland State University,"Advance your photography skills using Photoshop and Lightroom. Explore cropping, layers, removing and adding objects to make the best photographs and create Art composites. Work toward mastery of organization, file saving and printing processes in Lightroom.",Confirmed - Final
Digital Darkroom: Photo Editing Camp ,07/01/2019,375,14,18,Art,Portland State University,Strengthen your photographic skills by learning the art of post-processing in the digital darkroom. Spend time each day making fresh photos around town. Then head into the digital darkroom to correct and enhance photos using Adobe Lightroom and Photoshop.,Confirmed - Final
Photography: Special Effects ,07/01/2019,195,14,18,Art,Portland State University,Are you comfortable with the basics of photography such as light and composition? Are you curious how to make water look like silk or lights look like stars? Max out your camera's features to create stunning special effects in-camera!,Confirmed - Final
Stage Makeup 101: Special Effects ,07/01/2019,195,12,14,Art,Portland State University,They all had makeup engineers distorting their appearance behind camera to create the face you saw on screen. Create characters and illusions while learning the basics of applying theatrical makeup.,Confirmed - Final
Stage Makeup 101: Special Effects ,07/01/2019,195,9,12,Art,Portland State University,They all had makeup engineers distorting their appearance behind camera to create the face you saw on screen. Create characters and illusions while learning the basics of applying theatrical makeup.,Confirmed - Final
Photography: Exploring Portland ,07/01/2019,185,14,18,Art,Portland State University,"Learn camera basics, composition, perspective, and light while shooting local attractions. Collaborate with classmates to choose the best photos for digital presentation or Instagram. Learn professional techniques for capturing an image and transforming it into a powerful photograph.",Confirmed - Final
Extended Camp,07/01/2019,50,7,9,Art,University of Portland,TBD,Confirmed - Final
Electronic Music: Advanced ,07/01/2019,209,11,14,Art,University of Portland,"Graduate beyond Garageband Loops and move into professional music production software. Learn music theory for producers, synthesis, sampling automation, songwriting and more while working in Ableton Live. Write and record a brand new song of your own.",Confirmed - Final
Music & Audio for Filmmaking ,07/01/2019,195,12,16,Art,University of Portland,"Sound and music are vital elements of a film's impact. Use GarageBand to add new twists to your favorite films with overlays of different music clips. Learn about the secret art of sound design, Foley, voice acting and more.",Confirmed - Final
Electronic Music ,07/01/2019,209,11,14,Art,University of Portland,"Compose music with GarageBand, a powerful and flexible program that lets you create any music you can imagine. Experiment with sampling, synthesizers, mixing, equalizing and more. Learn music theory and the history of electronic music and hip-hop. Release your musical creation online.",Confirmed - Final
Extended Camp,07/01/2019,50,12,14,Art,University of Portland,After care,Confirmed - Final
Stage Makeup: Acting & Special Effects ,07/01/2019,365,12,14,Art,University of Portland,"Bring your favorite characters alive for the stage. This class will use theatre, acting, cosplay, improvisation, stage combat and sound to create characters and illusions while learning the basics of applying theatrical makeup.",Confirmed - Final
The Art of Nature Camp: Drawing & Photography ,08/10/2019,335,10,12,Art,University of Portland,"Spend a week capturing the beauty of nature--flowers, trees, rivers and more--on paper through drawing and photography. Experiment with various media to apply drawing fundamentals such as line, shape, and color. Explore photography basics including composition, perspective and light in this hands-on class!",Confirmed - Final
Create an Illustrated Storybook ,08/10/2019,165,12,14,Art,Saturday Academy - Beaverton,"Learn the basic elements of story writing: character, dialogue, setting, plot and action. Write your story and use oil, pastel, watercolor or colored pencil to create illustrations to accompany your work. Create a one-of-a-kind storybook to share with friends and family.",Confirmed - Final
"Stories, Poetry and Social Justice",08/10/2019,165,12,14,Art,Portland Community College - Southeast Campus,"Take a journey with Ed Edmo - a Shoshone-Bannock poet, playwright, performer, traditional storyteller, tour guide and lecturer ? through stories and photos of his life growing up in Celilo Falls on the Columbia River before it was flooded by the Dalles Dam. Explore your own stories and the intersections between environment, culture and social justice.",Confirmed - Final
Comic Book & Graphic Novel ,08/10/2019,179,12,14,Art,Portland Community College - Southeast Campus,"Use both writing and drawing skills to tell stories in your very own graphic novel. Learn techniques of professional cartoonists from narrative development to layout, penciling, inking, coloring, and lettering a final product. Communicate effectively in words and art.",Confirmed - Final
Heroic Improv Camp ,08/10/2019,335,11,12,Art,Portland Community College - Southeast Campus,"Use your ideas about heroes and making the world a better place as inspiration for a show! Utilize writing, drawing, improvisation and movement to imagine and tell tales that span every conceivable genre. Explore theatrical improv techniques to translate action into a narrative and performance writing.",Confirmed - Final
Acting for Young People ,08/10/2019,165,11,6,Art,MET (Muslim Educational Trust),"Develop skills through theater games and improvisation. Build your confidence and increase concentration. Gain experience with movement, staging, voice and characterization in a supportive atmosphere. Explore your hidden talents.",Confirmed - Final
Extended Camp,08/10/2019,50,12,15,Art,MET (Muslim Educational Trust),TBD,Confirmed - Final
Acting: Fractured Fairy Tales ,08/10/2019,165,15,16,Art,MET (Muslim Educational Trust),"Take a modern twist on a classic fairy tale, add fun improvisation games and a pinch of comedy and you?ll notice improved communication, confidence and concentration. Practice your skills in scenes from ?fractured? fairy tales like the True Story of the Three Little Pigs. Build your hidden talents.",Confirmed - Final
Comic Book Camp ,05/20/2019,345,12,14,Art,MET (Muslim Educational Trust),"Use your ideas about heroes and making the world a better place as inspiration for your own comic! Utilize both writing and drawing skills to tell unique, interesting, and personal stories in your very own graphic novel. Comic storytelling combines both writing and drawing to tell tales that span every conceivable genre. Employ the techniques of professional cartoonists to tell own your story, from narrative development to layout, penciling, inking, coloring, and lettering a final product. You will improve your ability to tell a clear story by designing pages that engage readers and communicate effectively. Incorporate math into your project through 2D and 3D perspectives.",Confirmed - Final
Extended Camp,05/20/2019,50,7,9,Art,Portland Community College - Rock Creek,TBD,Confirmed - Final
The Art of Animals Camp: Drawing & Photography ,05/20/2019,335,10,12,Art,Portland Community College - Rock Creek,"Spend a week capturing the nature of animals--including llamas, horses, and rabbits--on paper through drawing and photography. Study animal anatomy and experiment with various media to apply drawing fundamentals such as line, shape, and color. Explore photography basics including composition, perspective and light in this hands-on, on-the-farm class!",Confirmed - Final
Phonetics and Dialects for the Actor,05/20/2019,185,10,12,Art,Pacific University (Forest Grove),Build a foundation of healthy vocal expression; learn the International Phonetic Alphabet as a common way to communicate specific sounds across all spoken languages; and learn and practice at least three stage dialects. Camp will culminate with performances of scenes and monologues in dialects.,Confirmed - Final
Digital Videomaking,05/20/2019,365,12,16,Art,Pacific University (Forest Grove),"Spend the week telling a story in film! Learn the language of film buy writing, filming and editing a short film in small groups. Participants will have access to cameras, lighting and editing equipment.",Confirmed - Final
Animation Academy ,05/20/2019,375,12,16,Art,Portland State University,"Harness the power of Adobe Animate®. Taught by a professional animator, students will learn both the technical aspects of the software, as well as the core fundamentals of animation to create their own short films just like the pros!",Confirmed - Final
Photography: Exploring Portland ,05/20/2019,185,12,14,Art,Portland State University,"Learn camera basics, composition, perspective, and light while shooting local attractions. Collaborate with classmates to choose the best photos for digital presentation or Instagram. Learn professional techniques for capturing an image and transforming it into a powerful photograph.",Confirmed - Final
Digital Design: Textiles & More ,05/20/2019,185,14,16,Art,Portland State University,"Explore the possibilities of art licensing and learn how to get your designs on fabric for clothing, homewares, paper products and a wide variety of other consumer products! Learn the tools and techniques to turn your creativity into life and walk away inspired to start designing!",Confirmed - Final
Art & Graphic Design ,05/20/2019,185,12,14,Art,University of Portland,"Computer drawing tablets act as an artist?s paintbrush to control the computer?s drawing and painting tools. Create art that reflects your own sense of humor and style. Combine high-tech drawing and design tools with painting, coloring and collage to create individual works of art.",Confirmed - Final
Stop Motion Animation ,05/20/2019,185,15,16,Art,University of Portland,"Discover the unique storytelling possibilities of the grand-daddy of animation: stop motion! Explore different techniques from pixelation to clay animation to cut-out, and choose one to create your animated music video! Apply tools like animation and lighting to create a story from scratch.",Confirmed - Final
Stop Motion Animation ,05/20/2019,185,12,14,Art,University of Portland,"Discover the unique storytelling possibilities of the grand-daddy of animation: stop motion! Explore different techniques from pixelation to clay animation to cut-out, and choose one to create your animated music video! From learning the basics of animation and lighting to refining your flow, discover the tools needed to create a finished animation from scratch. Follow what inspires you, share ideas and go all out in this professional hands-on introduction to stop-motion animation",Confirmed - Final
Stop Motion: Get Wired! ,05/20/2019,195,12,14,Art,Saturday Academy - Beaverton,"Create your own fully movable wire puppet film star similar to Coraline! Build hands, feet and a head of painted clay. Design and create clothing, hair and skin or fur. Your finished character will stand on its own as a star in your own stop-motion animated film.",Confirmed - Final
Stop Motion Animation ,05/20/2019,185,12,14,Art,Saturday Academy - Beaverton,"Discover the unique storytelling possibilities of the grand-daddy of animation: stop motion! Explore different techniques from pixelation to clay animation to cut-out, and choose one to create your animated music video! Apply tools like animation and lighting to create a story from scratch.",Confirmed - Final
Stop Motion Animation ,05/20/2019,185,15,16,Art,Saturday Academy - Beaverton,"Discover the unique storytelling possibilities of the grand-daddy of animation: stop motion! Explore different techniques from pixelation to clay animation to cut-out, and choose one to create your animated music video! Apply tools like animation and lighting to create a story from scratch.",Confirmed - Final
Art & Graphic Design ,05/20/2019,185,12,14,Art,German International School,"Computer drawing tablets act as an artist?s paintbrush to control the computer?s drawing and painting tools. Create art that reflects your own sense of humor and style. Combine high-tech drawing and design tools with painting, coloring and collage to create individual works of art.",Confirmed - Final
Animation Academy ,05/20/2019,375,13,16,Art,MET (Muslim Educational Trust),"Harness the power of Adobe Animate®. Taught by a professional animator, students will learn both the technical aspects of the software, as well as the core fundamentals of animation to create their own short films just like the pros!",Confirmed - Final
Art & Graphic Design ,05/20/2019,185,12,14,Art,Portland Community College - Rock Creek,"Computer drawing tablets act as an artist?s paintbrush to control the computer?s drawing and painting tools. Create art that reflects your own sense of humor and style. Combine high-tech drawing and design tools with painting, coloring and collage to create individual works of art.",Confirmed - Final
Graphic Design: Publication Workshop,05/20/2019,365,14,16,Art,Pacific University (Forest Grove),"From Thomas Paine?s ?Common Sense? to the diverse range of topics today, independently published zines have a rich history in American culture. Learn the basics of graphic design while creating and circulating your own zine.",Confirmed - Final
Dreaming in VR: Immersive Technology,05/20/2019,365,12,14,Art,Open Signal,"Ever wanted to design a video game, create a world in virtual reality or animate 3D models? Learn the fundamentals of Unity (game engine software), basics of 3D modeling and animation, and how to create interactivity through intro level scripting.",Confirmed - Final
Producing Podcasts: Sound of Stories ,05/20/2019,199,14,16,Art,Portland State University,"Sound Up! Learn the fundamentals of podcasting as an independent producer: story ideation, writing for the ear, using your authentic voice, connecting with your audience, and pitching a podcast.",Confirmed - Final
Academic Summit,05/20/2019,549,12,14,Educational,University of Portland,"Explore the challenges of the 21st century and draw on creative resolutions from science, engineering, technology, humanities and art. Meet experts on the cutting edge of gene-editing, energy storage, social justice, our place in space and the microscopic world. Simulate a Vulcan mind meld and make connections, identify challenges, ask questions and seek solutions through a week of hands-on learning.",Confirmed - Final
Curiosity Challenge ,05/20/2019,549,14,16,Educational,University of Portland,"Trace curious connections between science, engineering, technology and art and how creative new ideas take form. Follow your curiosity through botanical mysteries, famous characters, physics of energy storage and the tiny, microscopic world.",Confirmed - Final
"The Art of Math: Escher, Fractals & the Golden Ratio ",05/20/2019,175,12,14,Educational,University of Portland,"You don't need to be a math genius to use its power to advance your art. Turn mathematical patterns into mesmerizing line designs. Create op-art using circles, arcs and parabolic curves. Apply the golden ratio to draw perfectly proportioned works of art.",Confirmed - Final
Character Drawing: Basic Geometry ,05/20/2019,185,12,14,Educational,University of Portland,"Learn elements of geometric drafting such as shape and scale. Build a face, body and accessories from the ground up. Explore the tools used by professional studios to create the characters in your favorite animated shows.",Confirmed - Final
The Art of Math: From Fibonacci to 3D ,05/20/2019,175,7,15,Educational,University of Portland,Explore and design tessellations in the style of MC Escher and create captivating spiral art using the Fibonacci series. Make a mesmerizing mandala using the properties of symmetry and paint like Kandinsky using a compass to create circle art.,Confirmed - Final
Character Drawing: Basic Geometry ,05/20/2019,185,12,14,Educational,Portland Community College - Southeast Campus,"Learn elements of geometric drafting such as shape and scale. Build a face, body and accessories from the ground up. Explore the tools used by professional studios to create the characters in your favorite animated shows.",Confirmed - Final
Origami: Exploring Sonobe Variations ,05/20/2019,169,15,16,Educational,Portland Community College - Southeast Campus,,Confirmed - Final
Origami: Exploring Sonobe Variations ,05/20/2019,169,12,14,Educational,MET (Muslim Educational Trust),,Confirmed - Final
Documentary Lens on River Cleanup,05/20/2019,435,13,15,Art,University of Portland,"Did you know the lower Willamette River is scheduled for a 13 year, $1 billion river clean-up? Have you heard of the pollutants PCBs, PAHs, dioxins/furans and DDT? Wade into river science and make a documentary film about current cleanup of the Willamette River. Interview the people who work to balance water use between people, industry and wildlife.",Confirmed - Final
Documentary Lens on River Cleanup,05/20/2019,435,12,15,Art,University of Portland,"Did you know the lower Willamette River is scheduled for a 13 year, $1 billion river clean-up? Have you heard of the pollutants PCBs, PAHs, dioxins/furans and DDT? Wade into river science and make a documentary film about current cleanup of the Willamette River. Interview the people who work to balance water use between people, industry and wildlife.",Confirmed - Final
The Art & Science of Birds ,05/20/2019,175,7,16,Performance,Portland Community College - Rock Creek,"Why do birds have different types of beaks, claws, songs or nests? How do they interact with their unique environment? Examine the anatomy, habitat and physical features of birds from falcons to hummingbirds and beyond. Log your observations into journals, drawings and a 3D sculpture.",Confirmed - Final
Slam Poetry ,05/20/2019,179,14,16,Performance,Portland State University,"Dig deep and find ways to translate your identity and experiences into poetry meant to be performed out loud. Explore what makes a poetry slam so electric?writing poems, workshopping to make poems fiercer and braver, and performing with style. Opt to perform for family and friends!",Confirmed - Final
Slam Poetry ,05/20/2019,179,12,14,Performance,Portland State University,"Dig deep and find ways to translate your identity and experiences into poetry that is designed to be performed out loud. Explore what makes a poetry slam such an electric format--writing poems, workshopping with classmates to make poems fiercer and braver, and performing with style in front of others. Opt to perform your piece in front of family and friends!",Confirmed - Final
The Art of the Short Play ,05/20/2019,185,14,16,Performance,Pacific University (Forest Grove),"This camp is recommended for aspiring playwrights. For the first three days, we will examine and discuss some distinctive 10-minute plays, then proceed to our own writing, informed by the styles and structures of those we have read. The final days of class will be dedicated to active revision and work-shopping of our new plays. Each student should end the week with a strong, polished new piece.",Confirmed - Final
SAT Prep: Young Women's Intensive ,05/20/2019,449,14,16,Educational,St. Mary?s Academy,"Learn powerful test-taking techniques and strategies for improving your score. High scores on the SAT can help with admittance to the college of your choice and increase the size of potential scholarships. This class will prepare you for the three sections of the SAT: math, critical reading and writing. Find more information online about class content.",Confirmed - Final
PSAT Prep ,05/20/2019,229,13,15,Educational,Portland State University,Maximize your scoring potential by becoming familiar with the PSAT (Preliminary Scholastic Aptitude Test). High scores can win you scholarships and qualify you for the National Merit Scholar Program. Learn strategies for general test taking as well as for approaching specific types of questions found in both the math and reading parts of the test. Take practice tests and review your answers in a team environment.,Confirmed - Final
ACT Prep ,05/20/2019,349,14,16,Educational,Portland State University,"The ACT is a widely accepted college entrance exam that closely reflects what students have studied through the end of junior year of high school. It is often used to determine scholarship awards. This class will prepare you for the math, English, reading and writing portions of the test.",Confirmed - Final
SAT Prep ,05/20/2019,449,14,16,Educational,Portland State University,"Learn powerful test-taking techniques and strategies for improving your score. High scores on the SAT can help with admittance to the college of your choice and increase the size of potential scholarships. Get ready for the three sections of the SAT: math, critical reading and writing.",Confirmed - Final
Organization Toolkit ,05/20/2019,125,14,16,Educational,Portland State University,"Decrease stress and increase productivity with useful techniques you can easily incorporate into your busy life. Gain skills for time and project management, goal setting, organization and calendaring. Learn how to complete the must-do?s and create space for the want-to-do?s.",Confirmed - Final
Your College Coach ,05/20/2019,189,15,16,Educational,Portland State University,"Get the inside scoop before you apply, from choosing the right school for you, to application preparation steps (tests, essays and more), to the applications themselves--even creating a plan for funding college. Get useful materials such as application timelines, essay writing tips, scholarship resources and more! Let?s go to college!",Confirmed - Final
SAT: Math Help ,05/20/2019,235,14,16,Educational,Portland State University,"Focus on the math concepts that are the basis for the problems in the SAT test. Review the types of problems you will encounter in the SAT math section: algebra, problem solving and data analysis, advanced math using equations, and geometry and trigonometry.",Confirmed - Final
Study Skills ,05/20/2019,185,12,14,Educational,Portland State University,"Make the best use of your study time. Learn neuroscience-based techniques for studying more effectively, including note-taking, memorization and problem-solving. Explore new ways to approach analytical projects and practice techniques for test-taking and managing stress.",Confirmed - Final
SAT Prep ,05/20/2019,449,14,16,Educational,Portland State University,"Learn powerful test-taking techniques and strategies for improving your score. High scores on the SAT can help with admittance to the college of your choice and increase the size of potential scholarships. Get ready for the three sections of the SAT: math, critical reading and writing.",Confirmed - Final
Organization Toolkit ,05/20/2019,125,12,14,Educational,Portland State University,"Decrease stress and increase productivity with useful techniques you can easily incorporate into your busy life. Gain skills for time and project management, goal setting, organization and calendaring. Learn how to complete the must-do?s and create space for the want-to-do?s.",Confirmed - Final
SAT: Evidence-based Reading & Writing ,05/20/2019,235,14,16,Educational,Portland State University,"Enhance your comprehension, reasoning, revising and editing skills in a variety of content areas. Learn about the optional essay section. Work with test prep professionals to strengthen your use of text complexity, evidence-informed analyses, informational graphics and appropriate word choice. Use practice exams, directed feedback and get individualized support in specified areas.",Confirmed - Final
The Art of Persuasion: Speech & Debate ,05/20/2019,185,13,15,Educational,Portland State University,"Gain the skills to engage in both formal and informal speech and debate by mastering the art of persuasion. Learn three key concepts that will put you on the winning side of any argument: assertion, reasoning, and evidence.",Confirmed - Final
Speech Easy: Find Your Voice ,05/20/2019,185,12,15,Educational,Portland State University,"Learn effective speaking techniques in a supportive space. Explore spontaneous speaking skills and longer, crafted pieces. Learn how to speak clearly and to the point, and gain confidence in presenting in front of a group.",Confirmed - Final
Study Skills ,05/20/2019,185,14,16,Educational,Portland State University,"Make the best use of your study time. Learn neuroscience-based techniques for studying more effectively, including note-taking, memorization and problem-solving. Explore new ways to approach analytical projects and practice techniques for test-taking and managing stress.",Confirmed - Final
Debate & Policy in Action,05/20/2019,165,14,16,Educational,Northwest Academy,"Research and debate a topic of national importance in depth, such as health care, immigration and international treaties. Learn logic, argumentation, speaking skills, and cross-examination techniques. Gain greater confidence in public speaking and learn about ways to compete in policy debate during the school year!",Confirmed - Final
Tech Skills for Success in Middle School ,05/20/2019,175,12,15,Educational,Central Catholic High School,"...with skills to learn and communicate in the digital age. Find accurate information and share your learning in both text and slide show format. Get the scoop on citing your sources. Find out about free apps, including fun keyboarding software.",Confirmed - Final
Tech Skills for Success in Elementary School ,05/20/2019,175,15,16,Educational,Central Catholic High School,"...with skills to both learn and communicate in the digital age. Learn about how to use websites to find pictures, information and create slide shows. Through scavenger hunts and challenges, become familiar with word-processing and presentation tools. Learn about free apps and games to help you develop and polish your keyboarding skills.",Confirmed - Final
Tech Skills for Success in Elementary School ,05/20/2019,175,15,16,Educational,Saturday Academy - Beaverton,"...with skills to both learn and communicate in the digital age. Learn about how to use websites to find pictures, information and create slide shows. Through scavenger hunts and challenges, become familiar with word-processing and presentation tools. Learn about free apps and games to help you develop and polish your keyboarding skills.",Confirmed - Final
Tech Skills for Success in Middle School ,05/20/2019,175,12,14,Educational,Saturday Academy - Beaverton,"...with skills to learn and communicate in the digital age. Find accurate information and share your learning in both text and slide show format. Get the scoop on citing your sources. Find out about free apps, including fun keyboarding software.",Confirmed - Final
Writing the College Application Essay ,05/20/2019,189,16,16,Educational,Portland State University,"What makes you unique? It's your voice, your history and your point of view. Learn how these qualities enhance your writing. Read and comment on each other's essays in a writer?s workshop format. Consult individually with your instructor to create a top-notch personal essay.",Confirmed - Final
Writing the College Application Essay ,05/20/2019,189,16,16,Educational,University of Portland,"What makes you unique? It's your voice, your history and your point of view. Learn how these qualities enhance your writing. Read and comment on each other's essays in a writer?s workshop format. Consult individually with your instructor to create a top-notch personal essay.",Confirmed - Final
Programming in Python for Beginners ,05/20/2019,189,15,16,Educational,Central Catholic High School,"Learn Python--a powerful, widely used, and versatile programming language--in this fun, hands-on class for new programmers. Design games like a MadLib, analyze interesting data, and explore mathematical concepts.",Confirmed - Final
App Inventor ,05/20/2019,195,12,14,Educational,Central Catholic High School,Develop your own Android app with MIT's App Inventor. Create interactive games with pictures and sounds. Learn event-driven and object-oriented programming concepts using this free drag-and-drop web-based program.,Confirmed - Final
Arduino: Creative Programming & Circuit Design ,05/20/2019,215,14,16,Educational,Central Catholic High School,"Use an Arduino? microcomputer to write computer code to control your own circuit. Discover how computer programming is used to interface with buttons, sensors, RGB LEDs, and displays. Continue exploring your curiosity at home with your Arduino kit.",Confirmed - Final
Geek Chic: Computer Camp for Girls ,05/20/2019,449,12,14,Educational,St. Mary?s Academy,"What do apps, video games, and robots have in common? Join other girls for a week of hands-on coding. Program an app, create a video game, and build a robot. Will your projects help, inspire and educate? Or will you focus on fun creations? Either way, you?ll enjoy being a chic geek!",Confirmed - Final
Geek Chic: Computer Camp for Girls ,05/20/2019,449,15,16,Educational,St. Mary?s Academy,"What do apps, video games, and robots have in common? Join other girls for a week of hands-on coding. Program an app, create a video game, and build a robot. Will your projects help, inspire and educate? Or will you focus on fun creations? Either way, you?ll enjoy being a chic geek!",Confirmed - Final
Musical Electronics with Arduino ,05/20/2019,225,14,16,Educational,Portland State University,"Using an Arduino micro-controller, write creative code to control lights and speakers, triggered by sensors, buttons, or movement. Learn electronic fundamentals and explore how programming interfaces with the world. Create a laser harp, synthesizer, or an electronic ""disco ball."" Your project is yours to keep!",Confirmed - Final
Capture the Flag: Cybersecurity Games ,05/20/2019,195,14,16,Educational,Portland State University,"Develop and hone your cybersecurity skills in a fun, competitive environment. Secure your machine and hack into others' systems using principles such as networking, reverse engineering, and cryptography. Learn about and prepare for local CTF competitions.",Confirmed - Final
Web Development Camp ,05/20/2019,395,12,14,Educational,Portland State University,"Dive into designing and coding websites and simple web-based games! Get started in web development with HTML basics. Code your first webpage, then enhance it with CSS. Explore how Javascript, a fundamental web development language, can spice up a website while making quizzes, simple games and more!",Confirmed - Final
CyberAcademy: Hacker Defense Training ,05/20/2019,375,12,14,Educational,Portland State University,"In our expanding cyber world nothing is secure, only well-protected. Cybersecurity jobs are expected to grow 28% from 2016 to 2026. Dive into the world of cybersecurity as you practice applying concepts centered on HTTP protocol, authentication issues and other security issues. Train to recognize the vulnerability inherent in the web.",Confirmed - Final
Intro to Web Development ,05/20/2019,189,13,15,Educational,Portland State University,"Gain confidence in HTML basics. Code a webpage and enhance it with CSS. Explore Bootstrap, an open source toolkit that can take your site to the next level. Use GitHub, a popular code-sharing platform, to deploy your About Me webpage and share it with the world.",Confirmed - Final
Game Making with Javascript ,05/20/2019,195,14,16,Educational,Portland State University,Program the classic arcade game Pong on day one of this class! Learn code to adapt your first game into other classics such as Brick Breaker and a simple version of Pitfall. Explore code that enables you to craft these games and other web apps.,Confirmed - Final
Intro to Web Development ,05/20/2019,189,13,15,Educational,Portland State University,"Gain confidence in HTML basics. Code a webpage and enhance it with CSS. Explore Bootstrap, an open source toolkit that can take your site to the next level. Use GitHub, a popular code-sharing platform, to deploy your About Me webpage and share it with the world.",Confirmed - Final
Game Making with Javascript ,05/20/2019,195,14,16,Educational,Portland State University,Program the classic arcade game Pong on day one of this class! Learn code to adapt your first game into other classics such as Brick Breaker and a simple version of Pitfall. Explore code that enables you to craft these games and other web apps.,Confirmed - Final
Programming in C++: Level II ,05/20/2019,195,14,16,Educational,Portland State University,"Add to your C++ skills by exploring examples from local programming contests and selected puzzle projects. Learn about functions, strings, arrays of data and structures. Discover various methods used by computers to sort large quantities of data into order. What can you do in C++?",Confirmed - Final
Arduino: Creative Programming & Circuit Design ,05/20/2019,215,14,16,Educational,Portland State University,"Use an Arduino? microcomputer to write computer code to control your own circuit. Discover how computer programming is used to interface with buttons, sensors, RGB LEDs, and displays. Continue exploring your curiosity at home with your Arduino kit.",Confirmed - Final
3D Game Creation Camp ,05/20/2019,395,14,16,Educational,Portland State University,Create an open-world role playing game (RPG) with realistic terrain and lighting. Use Unity3D to create an explorable world with a character controller and interactable objects. Create 3D models and textures in Blender to add realism and intrigue to your gaming world.,Confirmed - Final
GameMaker Studio ,05/20/2019,195,12,15,Educational,Portland State University,"Design and modify your own 2D PC game in the style of classics like Zelda or Mario. Dive into character controls and level design with GameMaker Studio?s visual and intuitive drag-and-drop system. Control characters, objects and outcomes. Add features to increase the difficulty level.",Confirmed - Final
Programming in C: Level I ,05/20/2019,195,12,15,Educational,Portland State University,"Write a variety of computer programs. Explore data types, input/output statements, conditional statements, arrays, structures and file manipulation. Get ready for more advanced programming languages like C++, JavaTM and Perl.",Confirmed - Final
Programming in Python® ,05/20/2019,215,13,15,Educational,Portland State University,"Learn Python, a powerful, widely used, and versatile programming language, in this fun, hands-on class for new programmers. Design games, analyze interesting data, and explore mathematical concepts. Topics include data types and structures, control flow, functions, input and output, object-oriented and event-driven programming.",Confirmed - Final
Game Making Team ,05/20/2019,195,13,15,Educational,Portland State University,"Develop a game in teams of 2-11 with assigned roles as programmer, artist, or musician. Brainstorm ideas, create characters, backgrounds and animations. Compose songs, sound effects and program a game framework.",Confirmed - Final
Artificial Intelligence: An Introduction ,05/20/2019,225,6,15,Educational,Portland State University,"Discover how machine learning (ML) works and what effects it could have on humanity in a fascinating hands-on class. Through experiments, explore how artificial intelligence is used to make decisions. Learn how ML?s common uses?self-driving cars, medical diagnostics, facial recognition, and warfare?are changing the world.",Confirmed - Final
CyberSecurity Training ,05/20/2019,189,12,14,Educational,Portland State University,"Develop your security awareness by recognizing phishing and sniffing, and understanding password-cracking techniques. Learn to identify malicious websites and practice security concepts in the form of fun-filled games.",Confirmed - Final
Programming in C++: Level I ,05/20/2019,195,13,15,Educational,Portland State University,"Use the open-source version of C++ to program games, solve puzzles and create text art. Exchange information to and from files on the hard drive, use data types and control repetition. Practice debugging and troubleshooting to make programs and games more sophisticated and interactive.",Confirmed - Final
Virtual Reality Worlds ,05/20/2019,229,14,16,Educational,Portland State University,"Imagine, design and build a scene in Virtual Reality. Use digital 3D models, scripts, images, lights and cameras to assemble a world of your own inside a computer -- and then experience it first-hand through your own Google Cardboard VR viewer!",Confirmed - Final
Blender: Intro to 3D Modeling ,05/20/2019,189,12,14,Educational,Portland State University,"Create game-ready 3D models and environments using Blender, a free, open-source, 3D modeling and animation tool. Imagine and sketch your ideal hangout space complete with furniture, characters or pets. Use polygon modeling tools to bring depth to your design, work with textures and texture maps to make your object look true to life and light your scene to maximize its impact on the viewer.",Confirmed - Final
Artificial Intelligence Academy ,05/20/2019,425,11,16,Educational,Portland State University,Learn how to develop machine learning systems in this hands-on Python class using Jupyter Notebook and Raspberry Pi. Explore computer vision and artificial intelligence in cases from cancer cells to autonomous vehicles. Use Python to analyze data and graph results.,Confirmed - Final
Pixel Art: Intro to Sprites ,05/20/2019,179,15,16,Educational,Portland State University,"Explore basic animation theory and learn to animate walk cycles, jumps and action moves. Experiment with different perspective projections and methods of spriting to create a small portfolio of images that can be used in your own games.",Confirmed - Final
Drone Technology ,05/20/2019,235,12,14,Educational,University of Portland,"Take to the skies and learn to build and pilot a drone. Become familiar with drone ethics and laws and learn how drones are utilized in the real world--from wedding photography to emergency rescues. Immerse yourself in engineering, flight skills and aerial photography.",Confirmed - Final
Programming in Scratch 3.0 ,05/20/2019,185,8,16,Educational,University of Portland,"Build interactive cartoons, greeting cards and even basic games using Scratch, a free drag-and-drop programming tool. Dream up, design and program scenes like a zoo full of animals or a race track with your choice of cars. Add your own pictures and sounds to the project you design.",Confirmed - Final
Musical Electronics with Arduino ,05/20/2019,225,15,16,Educational,University of Portland,"Using an Arduino micro-controller, write creative code to control lights and speakers, triggered by sensors, buttons, or movement. Learn electronic fundamentals and explore how programming interfaces with the world. Create a laser harp, synthesizer, or an electronic ""disco ball."" Your project is yours to keep!",Confirmed - Final
App Inventor ,05/20/2019,195,15,16,Educational,University of Portland,Develop your own Android app with MIT's App Inventor. Create interactive games with pictures and sounds. Learn event-driven and object-oriented programming concepts using this free drag-and-drop web-based program.,Confirmed - Final
Programming in C: Level I ,05/20/2019,195,14,16,Educational,Saturday Academy - Beaverton,"Write a variety of computer programs. Explore data types, input/output statements, conditional statements, arrays, structures and file manipulation. Get ready for more advanced programming languages like C++, JavaTM and Perl.",Confirmed - Final
GameMaker Studio ,05/20/2019,195,12,14,Educational,Saturday Academy - Beaverton,"Design and modify your own 2D PC game in the style of classics like Zelda or Mario. Dive into character controls and level design with GameMaker Studio?s visual and intuitive drag-and-drop system. Control characters, objects and outcomes. Add features to increase the difficulty level.",Confirmed - Final
Build A Computer ,05/20/2019,195,12,14,Educational,Saturday Academy - Beaverton,"Learn the basic hardware components of a computer to allow for the support of software. Install an operating system, remove viruses and prevent security issues. Build the best computer in a friendly competition for the final class.",Confirmed - Final
CyberSecurity Training ,05/20/2019,195,12,14,Educational,Saturday Academy - Beaverton,"Develop your security awareness by recognizing phishing and sniffing, and understanding password-cracking techniques. Learn to identify malicious websites and practice security concepts in the form of fun-filled games.",Confirmed - Final
Programming in Python® ,05/20/2019,215,13,15,Educational,Saturday Academy - Beaverton,"Learn Python, a powerful, widely used, and versatile programming language, in this fun, hands-on class for new programmers. Design games, analyze interesting data, and explore mathematical concepts. Topics include data types and structures, control flow, functions, input and output, object-oriented and event-driven programming.",Confirmed - Final
Game Creation with Unity & C# ,05/20/2019,195,14,16,Educational,Saturday Academy - Beaverton,"Ever wonder how video games are made? Experience the process yourself with the Unity Game Engine. Start by setting up a scene with Unity's drag-and-drop component system, then learn how to write simple yet flexible scripts that will make your game unique.",Confirmed - Final
Programming in Scratch 3.0 ,05/20/2019,185,8,16,Educational,Saturday Academy - Beaverton,"Build interactive cartoons, greeting cards and even basic games using Scratch, a free drag-and-drop programming tool. Dream up, design and program scenes like a zoo full of animals or a race track with your choice of cars. Add your own pictures and sounds to the project you design.",Confirmed - Final
Programming in C++: Level I ,05/20/2019,195,13,15,Educational,Saturday Academy - Beaverton,"Use the open-source version of C++ to program games, solve puzzles and create text art. Exchange information to and from files on the hard drive, use data types and control repetition. Practice debugging and troubleshooting to make programs and games more sophisticated and interactive.",Confirmed - Final
Programming in Python for Beginners ,05/20/2019,189,15,16,Educational,Saturday Academy - Beaverton,"Learn Python--a powerful, widely used, and versatile programming language--in this fun, hands-on class for new programmers. Design games like a MadLib, analyze interesting data, and explore mathematical concepts.",Confirmed - Final
Programming in Python® ,05/20/2019,215,13,15,Educational,Saturday Academy - Beaverton,"Learn Python, a powerful, widely used, and versatile programming language, in this fun, hands-on class for new programmers. Design games, analyze interesting data, and explore mathematical concepts. Topics include data types and structures, control flow, functions, input and output, object-oriented and event-driven programming.",Confirmed - Final
Programming in Python for Beginners ,05/20/2019,189,15,16,Educational,Saturday Academy - Beaverton,"Learn Python--a powerful, widely used, and versatile programming language--in this fun, hands-on class for new programmers. Design games like a MadLib, analyze interesting data, and explore mathematical concepts.",Confirmed - Final
Programming in Java?: Level I ,05/20/2019,199,12,14,Educational,Saturday Academy - Beaverton,"Learn how to create fun, simple programs using basic concepts of object-oriented programming, including how to define a class, create an object and interact with its methods to solve a common problem.",Confirmed - Final
Programming in Python for Beginners ,05/20/2019,189,15,16,Educational,Saturday Academy - Beaverton,"Learn Python--a powerful, widely used, and versatile programming language--in this fun, hands-on class for new programmers. Design games like a MadLib, analyze interesting data, and explore mathematical concepts.",Confirmed - Final
Programming in Scratch 3.0 ,05/20/2019,185,8,16,Educational,German International School,"Build interactive cartoons, greeting cards and even basic games using Scratch, a free drag-and-drop programming tool. Dream up, design and program scenes like a zoo full of animals or a race track with your choice of cars. Add your own pictures and sounds to the project you design.",Confirmed - Final
App Inventor ,05/20/2019,195,12,14,Educational,German International School,Develop your own Android app with MIT's App Inventor. Create interactive games with pictures and sounds. Learn event-driven and object-oriented programming concepts using this free drag-and-drop web-based program.,Confirmed - Final
Game Creation with Unity & C# ,05/20/2019,195,14,16,Educational,Portland Community College - Southeast Campus,"Ever wonder how video games are made? Experience the process yourself with the Unity Game Engine. Start by setting up a scene with Unity's drag-and-drop component system, then learn how to write simple yet flexible scripts that will make your game unique.",Confirmed - Final
Programming in C: Level I ,05/20/2019,195,13,15,Educational,Portland Community College - Southeast Campus,"Write a variety of computer programs. Explore data types, input/output statements, conditional statements, arrays, structures and file manipulation. Get ready for more advanced programming languages like C++ and Java.",Confirmed - Final
Programming in Java?: Level I ,05/20/2019,199,12,14,Educational,Portland Community College - Southeast Campus,"Learn how to create fun, simple programs using basic concepts of object-oriented programming, including how to define a class, create an object and interact with its methods to solve a common problem.",Confirmed - Final
Programming in Python® ,05/20/2019,215,14,16,Educational,Portland Community College - Southeast Campus,"Learn Python, a powerful, widely used, and versatile programming language, in this fun, hands-on class for new programmers. Design games, analyze interesting data, and explore mathematical concepts. Topics include data types and structures, control flow, functions, input and output, object-oriented and event-driven programming.",Confirmed - Final